Date, Price
1/3/2005,44.52
1/4/2005,42.14
1/5/2005,41.77
1/6/2005,41.05
1/7/2005,42.32
1/10/2005,41.84
1/11/2005,41.64
1/12/2005,42.3
1/13/2005,42.6
1/14/2005,44.55
1/18/2005,44.58
1/19/2005,43.96
1/20/2005,42.36
1/21/2005,41.16
1/24/2005,40.38
1/25/2005,40.94
1/26/2005,41.34
1/27/2005,42.31
1/28/2005,42.22
1/31/2005,43.22
2/1/2005,42.48
2/2/2005,41.88
2/3/2005,35.75
2/4/2005,35.72
2/7/2005,35.69
2/8/2005,36.3
2/9/2005,35.89
2/10/2005,35.78
2/11/2005,35.78
2/14/2005,36.03
2/15/2005,36.14
2/16/2005,35.66
2/17/2005,35.69
2/18/2005,35.31
2/22/2005,34.72
2/23/2005,34.14
2/24/2005,34.69
2/25/2005,34.99
2/28/2005,35.18
3/1/2005,35.39
3/2/2005,35.5
3/3/2005,35.65
3/4/2005,35.85
3/7/2005,36.32
3/8/2005,35.83
3/9/2005,35.4
3/10/2005,34.91
3/11/2005,34.75
3/14/2005,34.6
3/15/2005,34.18
3/16/2005,33.87
3/17/2005,33.97
3/18/2005,34.16
3/21/2005,33.67
3/22/2005,33.15
3/23/2005,33.18
3/24/2005,32.88
3/28/2005,33.39
3/29/2005,33.43
3/30/2005,34.32
3/31/2005,34.27
4/1/2005,34.01
4/4/2005,35
4/5/2005,35.28
4/6/2005,34.82
4/7/2005,34.9
4/8/2005,34.6
4/11/2005,34.6
4/12/2005,34.63
4/13/2005,34.3
4/14/2005,33.97
4/15/2005,33.02
4/18/2005,33
4/19/2005,32.78
4/20/2005,33.25
4/21/2005,33.73
4/22/2005,33.04
4/25/2005,33.53
4/26/2005,32.71
4/27/2005,31.72
4/28/2005,32.52
4/29/2005,32.36
5/2/2005,33.1
5/3/2005,33.21
5/4/2005,33.96
5/5/2005,33.96
5/6/2005,34.52
5/9/2005,34.64
5/10/2005,34.23
5/11/2005,33.82
5/12/2005,33.85
5/13/2005,33.9
5/16/2005,34.54
5/17/2005,34.73
5/18/2005,35.33
5/19/2005,35.59
5/20/2005,35.5
5/23/2005,35.68
5/24/2005,35.54
5/25/2005,35.25
5/26/2005,35.45
5/27/2005,35.5
5/31/2005,35.51
6/1/2005,36.5
6/2/2005,36.41
6/3/2005,35.59
6/6/2005,35.77
6/7/2005,35.35
6/8/2005,34.83
6/9/2005,35.2
6/10/2005,34.95
6/13/2005,34.87
6/14/2005,35.04
6/15/2005,35.24
6/16/2005,35.58
6/17/2005,35.31
6/20/2005,35.69
6/21/2005,35.38
6/22/2005,35.22
6/23/2005,35.43
6/24/2005,35.02
6/27/2005,34.5
6/28/2005,33.71
6/29/2005,33.35
6/30/2005,33.09
7/1/2005,32.91
7/5/2005,34.08
7/6/2005,34.06
7/7/2005,33.96
7/8/2005,34.74
7/11/2005,35.59
7/12/2005,36.31
7/13/2005,36.51
7/14/2005,37.19
7/15/2005,37.15
7/18/2005,37.19
7/19/2005,38.17
7/20/2005,38.17
7/21/2005,37.95
7/22/2005,37.95
7/25/2005,37.95
7/26/2005,37.74
7/27/2005,43.65
7/28/2005,45.68
7/29/2005,45.15
8/1/2005,44.93
8/2/2005,46.51
8/3/2005,46.11
8/4/2005,45.46
8/5/2005,45.27
8/8/2005,45.66
8/9/2005,45.93
8/10/2005,44.76
8/11/2005,45.21
8/12/2005,44.2
8/15/2005,45.04
8/16/2005,44.27
8/17/2005,44.12
8/18/2005,43.73
8/19/2005,43.72
8/22/2005,43.77
8/23/2005,43.42
8/24/2005,42.37
8/25/2005,42.31
8/26/2005,42.37
8/29/2005,42.79
8/30/2005,42.49
8/31/2005,42.7
9/1/2005,41.84
9/2/2005,41.51
9/6/2005,43.62
9/7/2005,43.73
9/8/2005,42.96
9/9/2005,42.95
9/12/2005,44.5
9/13/2005,43.93
9/14/2005,43.1
9/15/2005,42.71
9/16/2005,42.8
9/19/2005,42.75
9/20/2005,41.87
9/21/2005,41.25
9/22/2005,42.08
9/23/2005,42.19
9/26/2005,43.34
9/27/2005,43.16
9/28/2005,43.37
9/29/2005,44.79
9/30/2005,45.3
10/3/2005,46.01
10/4/2005,44.93
10/5/2005,44.49
10/6/2005,44.01
10/7/2005,43.72
10/10/2005,43.76
10/11/2005,43.4
10/12/2005,42.55
10/13/2005,42.62
10/14/2005,43.79
10/17/2005,45.02
10/18/2005,44.65
10/19/2005,45.86
10/20/2005,45.01
10/21/2005,45.95
10/24/2005,46.93
10/25/2005,46.17
10/26/2005,39.75
10/27/2005,39.06
10/28/2005,38.95
10/31/2005,39.86
11/1/2005,40.37
11/2/2005,40.75
11/3/2005,41.56
11/4/2005,41.09
11/7/2005,41.39
11/8/2005,41.95
11/9/2005,41.4
11/10/2005,42.18
11/11/2005,42.68
11/14/2005,42.53
11/15/2005,44.45
11/16/2005,45.3
11/17/2005,46.74
11/18/2005,47.98
11/21/2005,47.99
11/22/2005,48.85
11/23/2005,48.24
11/25/2005,48.06
11/28/2005,48.35
11/29/2005,48.55
11/30/2005,48.46
12/1/2005,49
12/2/2005,49.06
12/5/2005,48.83
12/6/2005,49.26
12/7/2005,48.83
12/8/2005,48.35
12/9/2005,48.74
12/12/2005,49.07
12/13/2005,49.5
12/14/2005,49.41
12/15/2005,49.48
12/16/2005,49.21
12/19/2005,48.37
12/20/2005,48.14
12/21/2005,48.97
12/22/2005,49.22
12/23/2005,49.22
12/27/2005,48.56
12/28/2005,48.06
12/29/2005,47.99
12/30/2005,47.15
1/3/2006,47.58
1/4/2006,47.25
1/5/2006,47.65
1/6/2006,47.87
1/9/2006,47.08
1/10/2006,45.65
1/11/2006,44.93
1/12/2006,44.36
1/13/2006,44.4
1/17/2006,44
1/18/2006,44.32
1/19/2006,44.45
1/20/2006,43.92
1/23/2006,43.73
1/24/2006,44.02
1/25/2006,43.6
1/26/2006,44.68
1/27/2006,45.22
1/30/2006,44.96
1/31/2006,44.82
2/1/2006,43.98
2/2/2006,42.74
2/3/2006,38.33
2/6/2006,37.95
2/7/2006,37.52
2/8/2006,38.17
2/9/2006,37.99
2/10/2006,38.52
2/13/2006,37.86
2/14/2006,38.25
2/15/2006,39.26
2/16/2006,39.15
2/17/2006,39.19
2/21/2006,38.29
2/22/2006,38.72
2/23/2006,37.9
2/24/2006,38.35
2/27/2006,38.01
2/28/2006,37.44
3/1/2006,37.12
3/2/2006,36.88
3/3/2006,37.21
3/6/2006,36.86
3/7/2006,36.93
3/8/2006,36.81
3/9/2006,36.12
3/10/2006,36.22
3/13/2006,36.19
3/14/2006,36.91
3/15/2006,36.89
3/16/2006,36.77
3/17/2006,35.99
3/20/2006,36.23
3/21/2006,35.92
3/22/2006,36
3/23/2006,35.68
3/24/2006,35.47
3/27/2006,35.25
3/28/2006,35.69
3/29/2006,36.32
3/30/2006,36.67
3/31/2006,36.53
4/3/2006,36.14
4/4/2006,36.77
4/5/2006,37.34
4/6/2006,38.51
4/7/2006,37.09
4/10/2006,36.61
4/11/2006,36.06
4/12/2006,36.13
4/13/2006,36.62
4/17/2006,35.27
4/18/2006,36.28
4/19/2006,36.89
4/20/2006,36.34
4/21/2006,36.03
4/24/2006,35.79
4/25/2006,35.55
4/26/2006,35.79
4/27/2006,35.74
4/28/2006,35.21
5/1/2006,34.59
5/2/2006,34.38
5/3/2006,33.96
5/4/2006,34.47
5/5/2006,35.04
5/8/2006,34.69
5/9/2006,34.84
5/10/2006,34.16
5/11/2006,33.53
5/12/2006,32.73
5/15/2006,32.78
5/16/2006,32.76
5/17/2006,31.61
5/18/2006,32.61
5/19/2006,33.94
5/22/2006,34.83
5/23/2006,33.76
5/24/2006,35.19
5/25/2006,35.63
5/26/2006,36.07
5/30/2006,34.64
5/31/2006,34.61
6/1/2006,35.07
6/2/2006,34.76
6/5/2006,33.49
6/6/2006,33.41
6/7/2006,33.77
6/8/2006,33.55
6/9/2006,33.78
6/12/2006,33.6
6/13/2006,33.47
6/14/2006,33.68
6/15/2006,34.96
6/16/2006,35.09
6/19/2006,35.07
6/20/2006,35.48
6/21/2006,36.65
6/22/2006,36.37
6/23/2006,36.55
6/26/2006,36.77
6/27/2006,36.48
6/28/2006,36.7
6/29/2006,38.52
6/30/2006,38.68
7/3/2006,38.61
7/5/2006,37.11
7/6/2006,36.8
7/7/2006,36.11
7/10/2006,35.79
7/11/2006,35.66
7/12/2006,34.63
7/13/2006,33.73
7/14/2006,32.92
7/17/2006,33.67
7/18/2006,33.49
7/19/2006,34.48
7/20/2006,34.18
7/21/2006,33.19
7/24/2006,34.31
7/25/2006,33.59
7/26/2006,26.26
7/27/2006,26.56
7/28/2006,27.17
7/31/2006,26.89
8/1/2006,26.32
8/2/2006,26.09
8/3/2006,26.69
8/4/2006,27.29
8/7/2006,26.78
8/8/2006,26.36
8/9/2006,26.21
8/10/2006,26.49
8/11/2006,26.07
8/14/2006,26.53
8/15/2006,27.77
8/16/2006,27.95
8/17/2006,29.09
8/18/2006,29.12
8/21/2006,28.13
8/22/2006,28.37
8/23/2006,28.14
8/24/2006,27.97
8/25/2006,28.03
8/28/2006,28.91
8/29/2006,29.52
8/30/2006,30.67
8/31/2006,30.83
9/1/2006,31.76
9/5/2006,32.23
9/6/2006,30.8
9/7/2006,29.73
9/8/2006,30.51
9/11/2006,30.79
9/12/2006,31.72
9/13/2006,31.67
9/14/2006,31.65
9/15/2006,32.52
9/18/2006,32.08
9/19/2006,31.58
9/20/2006,32.12
9/21/2006,30.22
9/22/2006,30.84
9/25/2006,31.79
9/26/2006,32.5
9/27/2006,32.33
9/28/2006,31.84
9/29/2006,32.12
10/2/2006,30.87
10/3/2006,31.7
10/4/2006,32.76
10/5/2006,33.32
10/6/2006,32.59
10/9/2006,33.38
10/10/2006,32.62
10/11/2006,32.91
10/12/2006,33.55
10/13/2006,33.32
10/16/2006,32.6
10/17/2006,32.47
10/18/2006,32.31
10/19/2006,32.54
10/20/2006,32.57
10/23/2006,32.88
10/24/2006,33.63
10/25/2006,37.68
10/26/2006,38.3
10/27/2006,38.24
10/30/2006,38.15
10/31/2006,38.09
11/1/2006,37.56
11/2/2006,37.45
11/3/2006,37.46
11/6/2006,38.21
11/7/2006,38.77
11/8/2006,39.47
11/9/2006,38.84
11/10/2006,39.26
11/13/2006,39.99
11/14/2006,41.51
11/15/2006,42.6
11/16/2006,42.84
11/17/2006,42.55
11/20/2006,42.44
11/21/2006,42.54
11/22/2006,42.96
11/24/2006,42.41
11/27/2006,40.85
11/28/2006,40.92
11/29/2006,40.63
11/30/2006,40.34
12/1/2006,39.41
12/4/2006,39.1
12/5/2006,38.98
12/6/2006,38.9
12/7/2006,38.12
12/8/2006,38.46
12/11/2006,38.69
12/12/2006,38.46
12/13/2006,38.5
12/14/2006,39.02
12/15/2006,40.01
12/18/2006,39.26
12/19/2006,39.42
12/20/2006,40.01
12/21/2006,39.89
12/22/2006,40.24
12/26/2006,39.8
12/27/2006,40.29
12/28/2006,40.21
12/29/2006,39.46
1/3/2007,38.7
1/4/2007,38.9
1/5/2007,38.37
1/8/2007,37.5
1/9/2007,37.78
1/10/2007,37.15
1/11/2007,37.4
1/12/2007,38.2
1/16/2007,38.66
1/17/2007,37.88
1/18/2007,36.98
1/19/2007,37.02
1/22/2007,36.95
1/23/2007,36.43
1/24/2007,37.26
1/25/2007,37.08
1/26/2007,36.85
1/29/2007,37.43
1/30/2007,37.05
1/31/2007,37.67
2/1/2007,38.7
2/2/2007,37.39
2/5/2007,37.16
2/6/2007,38.27
2/7/2007,38.98
2/8/2007,39.1
2/9/2007,38.72
2/12/2007,38.85
2/13/2007,39.31
2/14/2007,40.14
2/15/2007,40.06
2/16/2007,40.33
2/20/2007,41.51
2/21/2007,41.26
2/22/2007,41
2/23/2007,40.78
2/26/2007,40.88
2/27/2007,38.83
2/28/2007,39.14
3/1/2007,38.85
3/2/2007,37.69
3/5/2007,37.05
3/6/2007,38.58
3/7/2007,38.36
3/8/2007,38.1
3/9/2007,38.84
3/12/2007,38.81
3/13/2007,37.82
3/14/2007,38.08
3/15/2007,37.78
3/16/2007,37.85
3/19/2007,38.45
3/20/2007,38.58
3/21/2007,39.8
3/22/2007,39.49
3/23/2007,38.98
3/26/2007,39.01
3/27/2007,39.37
3/28/2007,39.34
3/29/2007,39.81
3/30/2007,39.79
4/2/2007,40.42
4/3/2007,41.19
4/4/2007,41.53
4/5/2007,41.68
4/9/2007,41.66
4/10/2007,41.86
4/11/2007,41.68
4/12/2007,42.27
4/13/2007,42.41
4/16/2007,45.2
4/17/2007,45.07
4/18/2007,44.99
4/19/2007,44.64
4/20/2007,44.95
4/23/2007,44.77
4/24/2007,44.75
4/25/2007,56.81
4/26/2007,62.78
4/27/2007,62.6
4/30/2007,61.33
5/1/2007,62.04
5/2/2007,61.18
5/3/2007,62.19
5/4/2007,63.23
5/7/2007,60.82
5/8/2007,61.83
5/9/2007,62.85
5/10/2007,60.92
5/11/2007,61.56
5/14/2007,61.7
5/15/2007,60.58
5/16/2007,63.22
5/17/2007,62.17
5/18/2007,63.3
5/21/2007,68.3
5/22/2007,68.88
5/23/2007,69
5/24/2007,69.35
5/25/2007,68.55
5/29/2007,69.63
5/30/2007,69.86
5/31/2007,69.14
6/1/2007,68.58
6/4/2007,70.42
6/5/2007,73.65
6/6/2007,72.29
6/7/2007,72.04
6/8/2007,73.24
6/11/2007,71.17
6/12/2007,70.07
6/13/2007,70.89
6/14/2007,71.94
6/15/2007,72.4
6/18/2007,71.83
6/19/2007,69.81
6/20/2007,69.1
6/21/2007,69.67
6/22/2007,68.86
6/25/2007,68.66
6/26/2007,67.48
6/27/2007,68.14
6/28/2007,68.89
6/29/2007,68.41
7/2/2007,69.61
7/3/2007,69.45
7/5/2007,68.73
7/6/2007,68.97
7/9/2007,72.07
7/10/2007,70.28
7/11/2007,70.73
7/12/2007,72.79
7/13/2007,75.1
7/16/2007,73.69
7/17/2007,73.79
7/18/2007,73.32
7/19/2007,73.35
7/20/2007,71.63
7/23/2007,71.74
7/24/2007,69.25
7/25/2007,86.18
7/26/2007,84.01
7/27/2007,84.04
7/30/2007,82.7
7/31/2007,78.54
8/1/2007,77.31
8/2/2007,79.71
8/3/2007,76.8
8/6/2007,79
8/7/2007,79.14
8/8/2007,77.78
8/9/2007,74.11
8/10/2007,74.78
8/13/2007,74.87
8/14/2007,73.45
8/15/2007,72.38
8/16/2007,72.79
8/17/2007,75.02
8/20/2007,74.7
8/21/2007,77.49
8/22/2007,78.5
8/23/2007,77.3
8/24/2007,79.25
8/27/2007,78.65
8/28/2007,76.22
8/29/2007,79.05
8/30/2007,78.68
8/31/2007,79.91
9/4/2007,82.7
9/5/2007,83.75
9/6/2007,86.21
9/7/2007,84.52
9/10/2007,83.34
9/11/2007,86.28
9/12/2007,87.3
9/13/2007,87.26
9/14/2007,87.77
9/17/2007,86.91
9/18/2007,88.75
9/19/2007,89
9/20/2007,89.65
9/21/2007,91.3
9/24/2007,92.59
9/25/2007,93.48
9/26/2007,93.43
9/27/2007,93.38
9/28/2007,93.15
10/1/2007,93.41
10/2/2007,92.36
10/3/2007,92.46
10/4/2007,92.26
10/5/2007,93.43
10/8/2007,95.85
10/9/2007,95.32
10/10/2007,94.66
10/11/2007,89.34
10/12/2007,92.37
10/15/2007,90.53
10/16/2007,89.53
10/17/2007,90.55
10/18/2007,89.85
10/19/2007,89.76
10/22/2007,91.29
10/23/2007,100.82
10/24/2007,88.73
10/25/2007,88.21
10/26/2007,90
10/29/2007,90.1
10/30/2007,88.24
10/31/2007,89.15
11/1/2007,87.65
11/2/2007,85.98
11/5/2007,84.37
11/6/2007,87.27
11/7/2007,87.04
11/8/2007,83.58
11/9/2007,78.89
11/12/2007,77
11/13/2007,79.86
11/14/2007,78.51
11/15/2007,77.85
11/16/2007,78.6
11/19/2007,79.18
11/20/2007,80.39
11/21/2007,79.76
11/23/2007,81.43
11/26/2007,81.3
11/27/2007,85.59
11/28/2007,90.3
11/29/2007,89.15
11/30/2007,90.56
12/3/2007,90.91
12/4/2007,94.41
12/5/2007,93.19
12/6/2007,94.21
12/7/2007,94.31
12/10/2007,93.02
12/11/2007,90.75
12/12/2007,91.28
12/13/2007,92.4
12/14/2007,89.08
12/17/2007,85.09
12/18/2007,86.89
12/19/2007,89.38
12/20/2007,90.58
12/21/2007,91.26
12/24/2007,91.01
12/26/2007,92.85
12/27/2007,94.25
12/28/2007,94.45
12/31/2007,92.64
1/2/2008,96.25
1/3/2008,95.21
1/4/2008,88.79
1/7/2008,88.82
1/8/2008,87.88
1/9/2008,85.22
1/10/2008,84.26
1/11/2008,81.08
1/14/2008,82.87
1/15/2008,80.24
1/16/2008,80.35
1/17/2008,80.12
1/18/2008,79.76
1/22/2008,78.48
1/23/2008,73.97
1/24/2008,77.67
1/25/2008,77.6
1/28/2008,75.82
1/29/2008,73.95
1/30/2008,74.21
1/31/2008,77.7
2/1/2008,74.63
2/4/2008,73.95
2/5/2008,72.09
2/6/2008,68.49
2/7/2008,70.91
2/8/2008,73.5
2/11/2008,75.19
2/12/2008,74.45
2/13/2008,77.73
2/14/2008,75.8
2/15/2008,72.96
2/19/2008,72.08
2/20/2008,73.64
2/21/2008,69.9
2/22/2008,72.08
2/25/2008,73.27
2/26/2008,71.69
2/27/2008,70.87
2/28/2008,67.85
2/29/2008,64.47
3/3/2008,62.43
3/4/2008,65.34
3/5/2008,64.99
3/6/2008,62.74
3/7/2008,64.09
3/10/2008,63.47
3/11/2008,67.15
3/12/2008,66.51
3/13/2008,68.32
3/14/2008,68.22
3/17/2008,66.53
3/18/2008,71.7
3/19/2008,70.17
3/20/2008,73.19
3/24/2008,75.95
3/25/2008,75.17
3/26/2008,73.8
3/27/2008,70.8
3/28/2008,69.76
3/31/2008,71.3
4/1/2008,76.7
4/2/2008,77.37
4/3/2008,74.94
4/4/2008,76.87
4/7/2008,76.9
4/8/2008,77.3
4/9/2008,74.39
4/10/2008,74.83
4/11/2008,71.99
4/14/2008,72.61
4/15/2008,72.5
4/16/2008,74.59
4/17/2008,74.04
4/18/2008,80.1
4/21/2008,80.18
4/22/2008,79.6
4/23/2008,81
4/24/2008,77.69
4/25/2008,80.86
4/28/2008,81.97
4/29/2008,80.74
4/30/2008,78.63
5/1/2008,79.36
5/2/2008,77.31
5/5/2008,75.92
5/6/2008,75.71
5/7/2008,73.18
5/8/2008,72.79
5/9/2008,72.41
5/12/2008,74.53
5/13/2008,74.56
5/14/2008,74.2
5/15/2008,76.12
5/16/2008,76.46
5/19/2008,82.29
5/20/2008,80.72
5/21/2008,78.3
5/22/2008,79.26
5/23/2008,78.35
5/27/2008,80.62
5/28/2008,80.08
5/29/2008,80.35
5/30/2008,81.62
6/2/2008,80.23
6/3/2008,80.11
6/4/2008,81.5
6/5/2008,84.51
6/6/2008,80.63
6/9/2008,79.43
6/10/2008,79.62
6/11/2008,77.28
6/12/2008,76.15
6/13/2008,79.17
6/16/2008,81.7
6/17/2008,82.97
6/18/2008,82.52
6/19/2008,84.26
6/20/2008,81.1
6/23/2008,80.68
6/24/2008,79.64
6/25/2008,80.51
6/26/2008,76.3
6/27/2008,74.66
6/30/2008,73.33
7/1/2008,73.62
7/2/2008,71.44
7/3/2008,72
7/7/2008,72.49
7/8/2008,75.04
7/9/2008,70.61
7/10/2008,70.63
7/11/2008,68.54
7/14/2008,66.28
7/15/2008,67.03
7/16/2008,71.84
7/17/2008,72.11
7/18/2008,69.12
7/21/2008,68.48
7/22/2008,67.97
7/23/2008,70.54
7/24/2008,78.72
7/25/2008,78.31
7/28/2008,75.98
7/29/2008,78.21
7/30/2008,78.21
7/31/2008,76.34
8/1/2008,75.75
8/4/2008,75.71
8/5/2008,79.11
8/6/2008,78.09
8/7/2008,76.95
8/8/2008,80.51
8/11/2008,88.09
8/12/2008,87.25
8/13/2008,86.69
8/14/2008,88.03
8/15/2008,86.4
8/18/2008,83.11
8/19/2008,81.29
8/20/2008,82.13
8/21/2008,83.26
8/22/2008,85.26
8/25/2008,82.85
8/26/2008,81.76
8/27/2008,81.73
8/28/2008,83.42
8/29/2008,80.81
9/2/2008,81.41
9/3/2008,80.77
9/4/2008,78.03
9/5/2008,79.19
9/8/2008,81.16
9/9/2008,79.04
9/10/2008,76.74
9/11/2008,79.51
9/12/2008,78.3
9/15/2008,77.34
9/16/2008,78.73
9/17/2008,71.54
9/18/2008,76.5
9/19/2008,81
9/22/2008,74.93
9/23/2008,71.76
9/24/2008,69.96
9/25/2008,72.08
9/26/2008,70.7
9/29/2008,63.35
9/30/2008,72.76
10/1/2008,69.58
10/2/2008,67.36
10/3/2008,67
10/6/2008,65.23
10/7/2008,58.52
10/8/2008,61.02
10/9/2008,56
10/10/2008,56.25
10/13/2008,62.02
10/14/2008,55.86
10/15/2008,48.72
10/16/2008,50.29
10/17/2008,50.65
10/20/2008,52.97
10/21/2008,50.23
10/22/2008,49.99
10/23/2008,50.32
10/24/2008,48.96
10/27/2008,49.58
10/28/2008,56.04
10/29/2008,56.89
10/30/2008,56.71
10/31/2008,57.24
11/3/2008,55.77
11/4/2008,58.45
11/5/2008,51.98
11/6/2008,47.22
11/7/2008,49.21
11/10/2008,48.46
11/11/2008,46.3
11/12/2008,41.56
11/13/2008,44.93
11/14/2008,41.75
11/17/2008,39.69
11/18/2008,38.44
11/19/2008,35.84
11/20/2008,35.03
11/21/2008,37.87
11/24/2008,42.5
11/25/2008,42.19
11/26/2008,43.96
11/28/2008,42.7
12/1/2008,40.47
12/2/2008,41.19
12/3/2008,45.21
12/4/2008,47.32
12/5/2008,48.26
12/8/2008,51.41
12/9/2008,51.25
12/10/2008,49.7
12/11/2008,48.25
12/12/2008,51.25
12/15/2008,48.85
12/16/2008,52.63
12/17/2008,53.18
12/18/2008,52.08
12/19/2008,51.56
12/22/2008,49.84
12/23/2008,51.08
12/24/2008,51.44
12/26/2008,51.78
12/29/2008,49.4
12/30/2008,50.76
12/31/2008,51.28
1/2/2009,54.36
1/5/2009,54.06
1/6/2009,57.36
1/7/2009,56.2
1/8/2009,57.16
1/9/2009,55.51
1/12/2009,51.92
1/13/2009,51.45
1/14/2009,48.49
1/15/2009,51.44
1/16/2009,51.59
1/20/2009,48.44
1/21/2009,50.54
1/22/2009,49.94
1/23/2009,50.63
1/26/2009,49.63
1/27/2009,48.44
1/28/2009,50.36
1/29/2009,50
1/30/2009,58.82
2/2/2009,61.15
2/3/2009,63.59
2/4/2009,61.06
2/5/2009,63.18
2/6/2009,66.55
2/9/2009,66.71
2/10/2009,63.31
2/11/2009,64.35
2/12/2009,63.96
2/13/2009,63.26
2/17/2009,61.67
2/18/2009,62.35
2/19/2009,61.95
2/20/2009,63.86
2/23/2009,61.71
2/24/2009,65.6
2/25/2009,63.71
2/26/2009,62.34
2/27/2009,64.79
3/2/2009,61.99
3/3/2009,61.7
3/4/2009,64.81
3/5/2009,64.77
3/6/2009,61.69
3/9/2009,60.49
3/10/2009,65.71
3/11/2009,68.54
3/12/2009,69.58
3/13/2009,68.63
3/16/2009,66.98
3/17/2009,71.35
3/18/2009,71.25
3/19/2009,70.1
3/20/2009,69.96
3/23/2009,75.58
3/24/2009,72.81
3/25/2009,72.4
3/26/2009,73.69
3/27/2009,70.52
3/30/2009,71.44
3/31/2009,73.44
4/1/2009,73.5
4/2/2009,76.34
4/3/2009,78.17
4/6/2009,77.99
4/7/2009,75.51
4/8/2009,76.98
4/9/2009,79.77
4/13/2009,78.94
4/14/2009,77.22
4/15/2009,74.71
4/16/2009,77.25
4/17/2009,78.05
4/20/2009,77.57
4/21/2009,78.74
4/22/2009,79.2
4/23/2009,80.61
4/24/2009,84.46
4/27/2009,83.12
4/28/2009,82.4
4/29/2009,79.79
4/30/2009,80.52
5/1/2009,78.96
5/4/2009,79.77
5/5/2009,81.9
5/6/2009,81.99
5/7/2009,79.28
5/8/2009,77.95
5/11/2009,78.61
5/12/2009,77.93
5/13/2009,74.19
5/14/2009,75.11
5/15/2009,73.6
5/18/2009,75.95
5/19/2009,77.87
5/20/2009,77.97
5/21/2009,75.96
5/22/2009,75.64
5/26/2009,78.39
5/27/2009,77.1
5/28/2009,77.65
5/29/2009,77.99
6/1/2009,83.05
6/2/2009,84.93
6/3/2009,85.68
6/4/2009,85.52
6/5/2009,87.56
6/8/2009,86.36
6/9/2009,87.08
6/10/2009,86.59
6/11/2009,85.69
6/12/2009,84.08
6/15/2009,83.18
6/16/2009,82.15
6/17/2009,82.65
6/18/2009,81.6
6/19/2009,82.96
6/22/2009,79.15
6/23/2009,77.68
6/24/2009,79.27
6/25/2009,82.2
6/26/2009,83.88
6/29/2009,83.03
6/30/2009,83.66
7/1/2009,81.6
7/2/2009,79.32
7/6/2009,78.1
7/7/2009,75.63
7/8/2009,77.36
7/9/2009,78.1
7/10/2009,77.63
7/13/2009,81.47
7/14/2009,81.95
7/15/2009,84.55
7/16/2009,86.11
7/17/2009,85.85
7/20/2009,88.23
7/21/2009,89.01
7/22/2009,88.79
7/23/2009,93.87
7/24/2009,86.49
7/27/2009,84.24
7/28/2009,84.98
7/29/2009,84.34
7/30/2009,86.09
7/31/2009,85.76
8/3/2009,87.44
8/4/2009,85.8
8/5/2009,84.29
8/6/2009,84.47
8/7/2009,85.32
8/10/2009,84.44
8/11/2009,83.56
8/12/2009,85.96
8/13/2009,84.6
8/14/2009,83.58
8/17/2009,81.06
8/18/2009,82.12
8/19/2009,83
8/20/2009,84.09
8/21/2009,85
8/24/2009,84.5
8/25/2009,84.19
8/26/2009,84
8/27/2009,84.31
8/28/2009,82.76
8/31/2009,81.19
9/1/2009,79.16
9/2/2009,78.14
9/3/2009,78.46
9/4/2009,78.87
9/8/2009,80.9
9/9/2009,82.24
9/10/2009,83.85
9/11/2009,84.54
9/14/2009,83.86
9/15/2009,83.55
9/16/2009,90.7
9/17/2009,90.44
9/18/2009,90.28
9/21/2009,90.56
9/22/2009,93.75
9/23/2009,92.38
9/24/2009,92.11
9/25/2009,90.52
9/28/2009,92.21
9/29/2009,91.72
9/30/2009,93.36
10/1/2009,91.04
10/2/2009,89.85
10/5/2009,88.67
10/6/2009,90.91
10/7/2009,93.97
10/8/2009,95.22
10/9/2009,95.71
10/12/2009,93.6
10/13/2009,94.83
10/14/2009,97.46
10/15/2009,96.01
10/16/2009,95.32
10/19/2009,94.68
10/20/2009,94.98
10/21/2009,93.42
10/22/2009,93.45
10/23/2009,118.49
10/26/2009,124.64
10/27/2009,122.07
10/28/2009,121.64
10/29/2009,122.58
10/30/2009,118.81
11/2/2009,118.84
11/3/2009,118.37
11/4/2009,117.1
11/5/2009,120.61
11/6/2009,126.2
11/9/2009,126.67
11/10/2009,130.15
11/11/2009,129.91
11/12/2009,130.53
11/13/2009,132.97
11/16/2009,131.59
11/17/2009,131.25
11/18/2009,131.29
11/19/2009,128.99
11/20/2009,129.66
11/23/2009,133
11/24/2009,132.94
11/25/2009,134.03
11/27/2009,131.74
11/30/2009,135.91
12/1/2009,138.5
12/2/2009,142.25
12/3/2009,141.17
12/4/2009,137.58
12/7/2009,134.21
12/8/2009,134.11
12/9/2009,131.31
12/10/2009,135.38
12/11/2009,134.15
12/14/2009,131.38
12/15/2009,130.23
12/16/2009,128.36
12/17/2009,126.91
12/18/2009,128.48
12/21/2009,132.79
12/22/2009,133.75
12/23/2009,138.94
12/24/2009,138.47
12/28/2009,139.31
12/29/2009,139.41
12/30/2009,136.49
12/31/2009,134.52
1/4/2010,133.9
1/5/2010,134.69
1/6/2010,132.25
1/7/2010,130
1/8/2010,133.52
1/11/2010,130.31
1/12/2010,127.35
1/13/2010,129.11
1/14/2010,127.35
1/15/2010,127.14
1/19/2010,127.61
1/20/2010,125.78
1/21/2010,126.62
1/22/2010,121.43
1/25/2010,120.31
1/26/2010,119.48
1/27/2010,122.75
1/28/2010,126.03
1/29/2010,125.41
2/1/2010,118.87
2/2/2010,118.12
2/3/2010,119.1
2/4/2010,115.94
2/5/2010,117.39
2/8/2010,116.83
2/9/2010,118.03
2/10/2010,117.36
2/11/2010,120.09
2/12/2010,119.66
2/16/2010,117.53
2/17/2010,116.31
2/18/2010,118.08
2/19/2010,117.52
2/22/2010,118.01
2/23/2010,117.24
2/24/2010,119.72
2/25/2010,118.2
2/26/2010,118.4
3/1/2010,124.54
3/2/2010,125.53
3/3/2010,125.89
3/4/2010,128.53
3/5/2010,128.91
3/8/2010,130.11
3/9/2010,128.82
3/10/2010,130.51
3/11/2010,133.58
3/12/2010,131.82
3/15/2010,131.13
3/16/2010,131.79
3/17/2010,131.34
3/18/2010,132.76
3/19/2010,130.35
3/22/2010,130.47
3/23/2010,129.26
3/24/2010,128.04
3/25/2010,134.73
3/26/2010,135.06
3/29/2010,135.12
3/30/2010,136.58
3/31/2010,135.77
4/1/2010,131.81
4/5/2010,131.49
4/6/2010,135.56
4/7/2010,134.87
4/8/2010,140.96
4/9/2010,140.06
4/12/2010,141.2
4/13/2010,140.16
4/14/2010,144.28
4/15/2010,145.82
4/16/2010,142.17
4/19/2010,142.43
4/20/2010,144.2
4/21/2010,146.43
4/22/2010,150.09
4/23/2010,143.63
4/26/2010,147.11
4/27/2010,142.02
4/28/2010,139.35
4/29/2010,141.73
4/30/2010,137.1
5/3/2010,137.49
5/4/2010,129.83
5/5/2010,130.93
5/6/2010,128.71
5/7/2010,124.98
5/10/2010,131.29
5/11/2010,130.46
5/12/2010,133.87
5/13/2010,131.47
5/14/2010,128.53
5/17/2010,128.91
5/18/2010,126.28
5/19/2010,124.59
5/20/2010,119.71
5/21/2010,122.72
5/24/2010,122.12
5/25/2010,124.86
5/26/2010,123.21
5/27/2010,126.7
5/28/2010,125.46
6/1/2010,123.24
6/2/2010,126.31
6/3/2010,128.76
6/4/2010,122.77
6/7/2010,122.01
6/8/2010,118.84
6/9/2010,117.91
6/10/2010,123.21
6/11/2010,123.03
6/14/2010,123.83
6/15/2010,126.84
6/16/2010,126.9
6/17/2010,125.89
6/18/2010,125.83
6/21/2010,122.55
6/22/2010,122.31
6/23/2010,121.45
6/24/2010,118.33
6/25/2010,121
6/28/2010,117.8
6/29/2010,108.61
6/30/2010,109.26
7/1/2010,110.96
7/2/2010,109.14
7/6/2010,110.06
7/7/2010,113.43
7/8/2010,116.22
7/9/2010,117.26
7/12/2010,119.51
7/13/2010,123.65
7/14/2010,123.3
7/15/2010,122.06
7/16/2010,118.49
7/19/2010,119.94
7/20/2010,120.1
7/21/2010,117.43
7/22/2010,120.07
7/23/2010,118.87
7/26/2010,118.4
7/27/2010,117.13
7/28/2010,117.13
7/29/2010,116.86
7/30/2010,117.89
8/2/2010,120.07
8/3/2010,122.42
8/4/2010,127.58
8/5/2010,127.83
8/6/2010,128.32
8/9/2010,128.83
8/10/2010,130
8/11/2010,125.89
8/12/2010,126.56
8/13/2010,124.69
8/16/2010,126.07
8/17/2010,128.86
8/18/2010,129.65
8/19/2010,127.57
8/20/2010,127.76
8/23/2010,126.6
8/24/2010,124.53
8/25/2010,126.85
8/26/2010,124.86
8/27/2010,126.64
8/30/2010,123.79
8/31/2010,124.83
9/1/2010,132.49
9/2/2010,135.21
9/3/2010,138.79
9/7/2010,137.22
9/8/2010,139.14
9/9/2010,140.38
9/10/2010,142.44
9/13/2010,145.07
9/14/2010,145.75
9/15/2010,145.45
9/16/2010,148.13
9/17/2010,148.32
9/20/2010,151.3
9/21/2010,150.73
9/22/2010,151.83
9/23/2010,152.85
9/24/2010,160.73
9/27/2010,159.37
9/28/2010,159.7
9/29/2010,158.99
9/30/2010,157.06
10/1/2010,153.71
10/4/2010,155.39
10/5/2010,160.87
10/6/2010,155.4
10/7/2010,156.27
10/8/2010,155.55
10/11/2010,153.03
10/12/2010,156.48
10/13/2010,155.17
10/14/2010,155.53
10/15/2010,164.64
10/18/2010,163.56
10/19/2010,158.67
10/20/2010,158.67
10/21/2010,164.97
10/22/2010,169.13
10/25/2010,169
10/26/2010,169.95
10/27/2010,167.51
10/28/2010,166.84
10/29/2010,165.23
11/1/2010,162.58
11/2/2010,164.61
11/3/2010,168.47
11/4/2010,168.93
11/5/2010,170.77
11/8/2010,171.99
11/9/2010,170.27
11/10/2010,173.33
11/11/2010,170.37
11/12/2010,165.68
11/15/2010,158.9
11/16/2010,157.78
11/17/2010,158.35
11/18/2010,164.17
11/19/2010,164.82
11/22/2010,170.39
11/23/2010,168.2
11/24/2010,177.25
11/26/2010,177.2
11/29/2010,179.49
11/30/2010,175.4
12/1/2010,176.55
12/2/2010,176.53
12/3/2010,175.68
12/6/2010,178.05
12/7/2010,176.77
12/8/2010,176.29
12/9/2010,174.85
12/10/2010,175.62
12/13/2010,174.25
12/14/2010,173.94
12/15/2010,175.57
12/16/2010,178.04
12/17/2010,177.58
12/20/2010,183.29
12/21/2010,184.75
12/22/2010,184.76
12/23/2010,182.59
12/27/2010,182.14
12/28/2010,181.09
12/29/2010,183.37
12/30/2010,182.75
12/31/2010,180
1/3/2011,184.22
1/4/2011,185.01
1/5/2011,187.42
1/6/2011,185.86
1/7/2011,185.49
1/10/2011,184.68
1/11/2011,184.34
1/12/2011,184.08
1/13/2011,185.53
1/14/2011,188.75
1/18/2011,191.25
1/19/2011,186.87
1/20/2011,181.96
1/21/2011,177.42
1/24/2011,176.85
1/25/2011,176.7
1/26/2011,175.39
1/27/2011,184.45
1/28/2011,171.14
1/31/2011,169.64
2/1/2011,172.11
2/2/2011,173.53
2/3/2011,173.71
2/4/2011,175.93
2/7/2011,176.43
2/8/2011,183.06
2/9/2011,185.3
2/10/2011,186.21
2/11/2011,189.25
2/14/2011,190.42
2/15/2011,189.03
2/16/2011,186.62
2/17/2011,187.76
2/18/2011,186.5
2/22/2011,180.42
2/23/2011,176.68
2/24/2011,177.75
2/25/2011,177.24
2/28/2011,173.29
3/1/2011,169.44
3/2/2011,172.02
3/3/2011,172.79
3/4/2011,171.67
3/7/2011,169.08
3/8/2011,166.89
3/9/2011,169.05
3/10/2011,166.14
3/11/2011,168.07
3/14/2011,166.73
3/15/2011,165.08
3/16/2011,164.7
3/17/2011,160.97
3/18/2011,161.82
3/21/2011,164.52
3/22/2011,162.6
3/23/2011,165.32
3/24/2011,171.1
3/25/2011,170.98
3/28/2011,169.35
3/29/2011,174.62
3/30/2011,179.42
3/31/2011,180.13
4/1/2011,180.13
4/4/2011,182.94
4/5/2011,185.29
4/6/2011,182.76
4/7/2011,184.91
4/8/2011,184.71
4/11/2011,184.04
4/12/2011,180.48
4/13/2011,182.29
4/14/2011,181.82
4/15/2011,180.01
4/18/2011,178.34
4/19/2011,178.82
4/20/2011,183.87
4/21/2011,185.89
4/25/2011,185.42
4/26/2011,182.3
4/27/2011,196.63
4/28/2011,195.07
4/29/2011,195.81
5/2/2011,201.19
5/3/2011,198.45
5/4/2011,199.97
5/5/2011,197.11
5/6/2011,197.6
5/9/2011,200.8
5/10/2011,203.94
5/11/2011,204.38
5/12/2011,206.07
5/13/2011,202.56
5/16/2011,192.51
5/17/2011,194.81
5/18/2011,197.09
5/19/2011,198.8
5/20/2011,198.65
5/23/2011,196.22
5/24/2011,193.27
5/25/2011,192.26
5/26/2011,195
5/27/2011,194.13
5/31/2011,196.69
6/1/2011,192.4
6/2/2011,193.65
6/3/2011,188.32
6/6/2011,185.69
6/7/2011,187.55
6/8/2011,188.05
6/9/2011,189.68
6/10/2011,186.53
6/13/2011,186.29
6/14/2011,189.96
6/15/2011,185.98
6/16/2011,183.65
6/17/2011,186.37
6/20/2011,187.72
6/21/2011,194.23
6/22/2011,191.63
6/23/2011,194.16
6/24/2011,192.55
6/27/2011,201.25
6/28/2011,202.35
6/29/2011,204.18
6/30/2011,204.49
7/1/2011,209.49
7/5/2011,213.19
7/6/2011,214.19
7/7/2011,216.74
7/8/2011,218.28
7/11/2011,212.55
7/12/2011,211.23
7/13/2011,213.5
7/14/2011,210.38
7/15/2011,212.87
7/18/2011,211.53
7/19/2011,218.06
7/20/2011,215.55
7/21/2011,213.21
7/22/2011,216.52
7/25/2011,213.49
7/26/2011,214.18
7/27/2011,222.52
7/28/2011,223.9
7/29/2011,222.52
8/1/2011,221.32
8/2/2011,211.7
8/3/2011,209.96
8/4/2011,201.48
8/5/2011,202.7
8/8/2011,193.7
8/9/2011,205.09
8/10/2011,194.13
8/11/2011,198.36
8/12/2011,202.3
8/15/2011,202.95
8/16/2011,197.68
8/17/2011,195.93
8/18/2011,182.52
8/19/2011,178.93
8/22/2011,177.54
8/23/2011,193.55
8/24/2011,193.73
8/25/2011,192.03
8/26/2011,199.27
8/29/2011,206.53
8/30/2011,210.92
8/31/2011,215.23
9/1/2011,212.54
9/2/2011,210
9/6/2011,216.18
9/7/2011,219.9
9/8/2011,217.26
9/9/2011,211.39
9/12/2011,216.56
9/13/2011,219.53
9/14/2011,222.57
9/15/2011,226.78
9/16/2011,239.3
9/19/2011,241.69
9/20/2011,233.25
9/21/2011,231.87
9/22/2011,223.23
9/23/2011,223.61
9/26/2011,229.85
9/27/2011,224.21
9/28/2011,229.71
9/29/2011,222.44
9/30/2011,216.23
10/3/2011,211.98
10/4/2011,212.5
10/5/2011,219.5
10/6/2011,221.51
10/7/2011,224.74
10/10/2011,231.32
10/11/2011,235.48
10/12/2011,236.81
10/13/2011,236.15
10/14/2011,246.71
10/17/2011,242.33
10/18/2011,243.88
10/19/2011,231.53
10/20/2011,233.61
10/21/2011,234.78
10/24/2011,237.61
10/25/2011,227.15
10/26/2011,198.4
10/27/2011,206.78
10/28/2011,217.32
10/31/2011,213.51
11/1/2011,212.1
11/2/2011,215.62
11/3/2011,218.29
11/4/2011,216.48
11/7/2011,217
11/8/2011,217.99
11/9/2011,211.22
11/10/2011,210.79
11/11/2011,217.39
11/14/2011,218.93
11/15/2011,217.83
11/16/2011,211.99
11/17/2011,204.52
11/18/2011,197.14
11/21/2011,189.25
11/22/2011,192.34
11/23/2011,188.99
11/25/2011,182.4
11/28/2011,194.15
11/29/2011,188.39
11/30/2011,192.29
12/1/2011,197.13
12/2/2011,196.03
12/5/2011,196.24
12/6/2011,191.99
12/7/2011,195.32
12/8/2011,190.48
12/9/2011,193.03
12/12/2011,189.52
12/13/2011,180.51
12/14/2011,180.21
12/15/2011,181.26
12/16/2011,181.26
12/19/2011,179.33
12/20/2011,182.52
12/21/2011,174.35
12/22/2011,179.03
12/23/2011,177.28
12/27/2011,176.27
12/28/2011,173.89
12/29/2011,173.86
12/30/2011,173.1
1/3/2012,179.03
1/4/2012,177.51
1/5/2012,177.61
1/6/2012,182.61
1/9/2012,178.56
1/10/2012,179.34
1/11/2012,178.9
1/12/2012,175.93
1/13/2012,178.42
1/17/2012,181.66
1/18/2012,189.44
1/19/2012,194.45
1/20/2012,190.93
1/23/2012,186.09
1/24/2012,187
1/25/2012,187.8
1/26/2012,193.32
1/27/2012,195.37
1/30/2012,192.15
1/31/2012,194.44
2/1/2012,179.46
2/2/2012,181.72
2/3/2012,187.68
2/6/2012,183.14
2/7/2012,184.19
2/8/2012,185.48
2/9/2012,184.98
2/10/2012,185.54
2/13/2012,191.59
2/14/2012,191.3
2/15/2012,184.47
2/16/2012,179.93
2/17/2012,182.5
2/21/2012,182.26
2/22/2012,180.58
2/23/2012,178.89
2/24/2012,179.13
2/27/2012,178.53
2/28/2012,183.8
2/29/2012,179.69
3/1/2012,180.04
3/2/2012,179.3
3/5/2012,180.26
3/6/2012,181.09
3/7/2012,183.77
3/8/2012,187.64
3/9/2012,184.32
3/12/2012,183.39
3/13/2012,184.59
3/14/2012,182.26
3/15/2012,184.43
3/16/2012,185.05
3/19/2012,185.52
3/20/2012,192.33
3/21/2012,191.73
3/22/2012,192.4
3/23/2012,195.04
3/26/2012,202.87
3/27/2012,205.44
3/28/2012,201.16
3/29/2012,204.61
3/30/2012,202.51
4/2/2012,198.05
4/3/2012,199.66
4/4/2012,193.99
4/5/2012,194.39
4/9/2012,191.87
4/10/2012,186.98
4/11/2012,187.97
4/12/2012,190.69
4/13/2012,188.46
4/16/2012,185.5
4/17/2012,188.39
4/18/2012,191.07
4/19/2012,191.1
4/20/2012,189.98
4/23/2012,188.24
4/24/2012,190.33
4/25/2012,194.42
4/26/2012,195.99
4/27/2012,226.85
4/30/2012,231.9
5/1/2012,230.04
5/2/2012,230.25
5/3/2012,229.45
5/4/2012,223.99
5/7/2012,225.16
5/8/2012,223.9
5/9/2012,222.98
5/10/2012,226.69
5/11/2012,227.68
5/14/2012,222.93
5/15/2012,224.39
5/16/2012,224.06
5/17/2012,218.36
5/18/2012,213.85
5/21/2012,218.11
5/22/2012,215.33
5/23/2012,217.28
5/24/2012,215.24
5/25/2012,212.89
5/29/2012,214.75
5/30/2012,209.23
5/31/2012,212.91
6/1/2012,208.22
6/4/2012,214.57
6/5/2012,213.21
6/6/2012,217.64
6/7/2012,218.8
6/8/2012,218.48
6/11/2012,216.5
6/12/2012,216.42
6/13/2012,214.73
6/14/2012,214.45
6/15/2012,218.35
6/18/2012,222.66
6/19/2012,224.03
6/20/2012,223.02
6/21/2012,220.57
6/22/2012,222.16
6/25/2012,220.07
6/26/2012,225.61
6/27/2012,225.62
6/28/2012,221.31
6/29/2012,228.35
7/2/2012,229.32
7/3/2012,229.53
7/5/2012,227.06
7/6/2012,225.05
7/9/2012,225.05
7/10/2012,219.5
7/11/2012,218.37
7/12/2012,215.36
7/13/2012,218.39
7/16/2012,216.01
7/17/2012,216.93
7/18/2012,217.47
7/19/2012,226.17
7/20/2012,228.29
7/23/2012,226.01
7/24/2012,223.04
7/25/2012,217.05
7/26/2012,220.01
7/27/2012,237.32
7/30/2012,236.09
7/31/2012,233.3
8/1/2012,232.09
8/2/2012,230.81
8/3/2012,234.97
8/6/2012,233.99
8/7/2012,236.56
8/8/2012,234.38
8/9/2012,234.06
8/10/2012,232.75
8/13/2012,232.44
8/14/2012,233.19
8/15/2012,237.42
8/16/2012,241.55
8/17/2012,241.17
8/20/2012,240.35
8/21/2012,239.45
8/22/2012,243.1
8/23/2012,241.2
8/24/2012,245.74
8/27/2012,243.92
8/28/2012,246.11
8/29/2012,247.12
8/30/2012,246.22
8/31/2012,248.27
9/4/2012,247.88
9/5/2012,246.22
9/6/2012,251.38
9/7/2012,259.14
9/10/2012,257.09
9/11/2012,255.67
9/12/2012,255.63
9/13/2012,260.24
9/14/2012,261.27
9/17/2012,258
9/18/2012,258.75
9/19/2012,261.68
9/20/2012,260.81
9/21/2012,257.47
9/24/2012,254.8
9/25/2012,252.46
9/26/2012,249.67
9/27/2012,256.59
9/28/2012,254.32
10/1/2012,252.01
10/2/2012,250.6
10/3/2012,255.92
10/4/2012,260.47
10/5/2012,258.51
10/8/2012,259.06
10/9/2012,250.96
10/10/2012,244.99
10/11/2012,244.22
10/12/2012,242.36
10/15/2012,244.18
10/16/2012,243.94
10/17/2012,247.49
10/18/2012,244.85
10/19/2012,240
10/22/2012,233.78
10/23/2012,234.31
10/24/2012,228.49
10/25/2012,222.92
10/26/2012,238.24
10/31/2012,232.89
11/1/2012,232.14
11/2/2012,232.42
11/5/2012,234.33
11/6/2012,237.56
11/7/2012,232.06
11/8/2012,227.35
11/9/2012,226.31
11/12/2012,226.47
11/13/2012,226.6
11/14/2012,222.95
11/15/2012,220.6
11/16/2012,225.23
11/19/2012,229.71
11/20/2012,233.78
11/21/2012,238.03
11/23/2012,239.88
11/26/2012,243.62
11/27/2012,243.4
11/28/2012,247.11
11/29/2012,251.27
11/30/2012,252.05
12/3/2012,250.33
12/4/2012,252.49
12/5/2012,253.96
12/6/2012,253.37
12/7/2012,253.27
12/10/2012,247.77
12/11/2012,250.69
12/12/2012,251.76
12/13/2012,251.25
12/14/2012,249.19
12/17/2012,253.86
12/18/2012,260.4
12/19/2012,257.99
12/20/2012,261.5
12/21/2012,256.92
12/24/2012,258.62
12/26/2012,248.63
12/27/2012,248.31
12/28/2012,245.18
12/31/2012,250.87
1/2/2013,257.31
1/3/2013,258.48
1/4/2013,259.15
1/7/2013,268.46
1/8/2013,266.38
1/9/2013,266.35
1/10/2013,265.34
1/11/2013,267.94
1/14/2013,272.73
1/15/2013,271.9
1/16/2013,268.93
1/17/2013,270.48
1/18/2013,272.12
1/22/2013,270.19
1/23/2013,268.11
1/24/2013,273.46
1/25/2013,283.99
1/28/2013,276.04
1/29/2013,260.35
1/30/2013,272.76
1/31/2013,265.5
2/1/2013,265
2/4/2013,259.98
2/5/2013,266.89
2/6/2013,262.22
2/7/2013,260.23
2/8/2013,261.95
2/11/2013,257.21
2/12/2013,258.7
2/13/2013,269.47
2/14/2013,269.24
2/15/2013,265.09
2/19/2013,269.75
2/20/2013,266.41
2/21/2013,265.94
2/22/2013,265.42
2/25/2013,259.87
2/26/2013,259.36
2/27/2013,263.25
2/28/2013,264.27
3/1/2013,265.74
3/4/2013,273.11
3/5/2013,275.59
3/6/2013,273.79
3/7/2013,273.88
3/8/2013,274.19
3/11/2013,271.24
3/12/2013,274.13
